path,distance
/Users/skandavyassrinivasan/Documents/Integral-Optimization-Branch-Learning-Research/data/instances/eval_cauctions/cauctions_000.lp,2.0101500000000003
/Users/skandavyassrinivasan/Documents/Integral-Optimization-Branch-Learning-Research/data/instances/eval_cauctions/cauctions_001.lp,2.0101500000000003
/Users/skandavyassrinivasan/Documents/Integral-Optimization-Branch-Learning-Research/data/instances/eval_cauctions/cauctions_002.lp,2.0101500000000003
/Users/skandavyassrinivasan/Documents/Integral-Optimization-Branch-Learning-Research/data/instances/eval_cauctions/cauctions_003.lp,2.0101500000000003
/Users/skandavyassrinivasan/Documents/Integral-Optimization-Branch-Learning-Research/data/instances/eval_cauctions/cauctions_004.lp,2.0101500000000003
/Users/skandavyassrinivasan/Documents/Integral-Optimization-Branch-Learning-Research/data/instances/eval_cauctions/cauctions_005.lp,2.0101500000000003
/Users/skandavyassrinivasan/Documents/Integral-Optimization-Branch-Learning-Research/data/instances/eval_cauctions/cauctions_006.lp,2.0101500000000003
/Users/skandavyassrinivasan/Documents/Integral-Optimization-Branch-Learning-Research/data/instances/eval_cauctions/cauctions_007.lp,2.0101500000000003
/Users/skandavyassrinivasan/Documents/Integral-Optimization-Branch-Learning-Research/data/instances/eval_cauctions/cauctions_008.lp,2.0101500000000003
/Users/skandavyassrinivasan/Documents/Integral-Optimization-Branch-Learning-Research/data/instances/eval_cauctions/cauctions_009.lp,2.0101500000000003
/Users/skandavyassrinivasan/Documents/Integral-Optimization-Branch-Learning-Research/data/instances/eval_cauctions/cauctions_010.lp,2.0101500000000003
/Users/skandavyassrinivasan/Documents/Integral-Optimization-Branch-Learning-Research/data/instances/eval_cauctions/cauctions_011.lp,2.0101500000000003
/Users/skandavyassrinivasan/Documents/Integral-Optimization-Branch-Learning-Research/data/instances/eval_cauctions/cauctions_012.lp,2.0101500000000003
/Users/skandavyassrinivasan/Documents/Integral-Optimization-Branch-Learning-Research/data/instances/eval_cauctions/cauctions_013.lp,2.0101500000000003
/Users/skandavyassrinivasan/Documents/Integral-Optimization-Branch-Learning-Research/data/instances/eval_cauctions/cauctions_014.lp,2.0101500000000003
/Users/skandavyassrinivasan/Documents/Integral-Optimization-Branch-Learning-Research/data/instances/eval_cauctions/cauctions_015.lp,2.0101500000000003
/Users/skandavyassrinivasan/Documents/Integral-Optimization-Branch-Learning-Research/data/instances/eval_cauctions/cauctions_016.lp,2.0101500000000003
/Users/skandavyassrinivasan/Documents/Integral-Optimization-Branch-Learning-Research/data/instances/eval_cauctions/cauctions_017.lp,2.0101500000000003
/Users/skandavyassrinivasan/Documents/Integral-Optimization-Branch-Learning-Research/data/instances/eval_cauctions/cauctions_018.lp,2.0101500000000003
/Users/skandavyassrinivasan/Documents/Integral-Optimization-Branch-Learning-Research/data/instances/eval_cauctions/cauctions_019.lp,2.0101500000000003
/Users/skandavyassrinivasan/Documents/Integral-Optimization-Branch-Learning-Research/data/instances/eval_cauctions/cauctions_020.lp,2.0101500000000003
/Users/skandavyassrinivasan/Documents/Integral-Optimization-Branch-Learning-Research/data/instances/eval_cauctions/cauctions_021.lp,2.0101500000000003
/Users/skandavyassrinivasan/Documents/Integral-Optimization-Branch-Learning-Research/data/instances/eval_cauctions/cauctions_022.lp,2.0101500000000003
/Users/skandavyassrinivasan/Documents/Integral-Optimization-Branch-Learning-Research/data/instances/eval_cauctions/cauctions_023.lp,2.0101500000000003
/Users/skandavyassrinivasan/Documents/Integral-Optimization-Branch-Learning-Research/data/instances/eval_cauctions/cauctions_024.lp,2.0101500000000003
/Users/skandavyassrinivasan/Documents/Integral-Optimization-Branch-Learning-Research/data/instances/eval_cauctions/cauctions_025.lp,2.0101500000000003
/Users/skandavyassrinivasan/Documents/Integral-Optimization-Branch-Learning-Research/data/instances/eval_cauctions/cauctions_026.lp,2.0101500000000003
/Users/skandavyassrinivasan/Documents/Integral-Optimization-Branch-Learning-Research/data/instances/eval_cauctions/cauctions_027.lp,2.0101500000000003
/Users/skandavyassrinivasan/Documents/Integral-Optimization-Branch-Learning-Research/data/instances/eval_cauctions/cauctions_028.lp,2.0101500000000003
/Users/skandavyassrinivasan/Documents/Integral-Optimization-Branch-Learning-Research/data/instances/eval_cauctions/cauctions_029.lp,2.0101500000000003
/Users/skandavyassrinivasan/Documents/Integral-Optimization-Branch-Learning-Research/data/instances/eval_cauctions/cauctions_030.lp,2.0101500000000003
/Users/skandavyassrinivasan/Documents/Integral-Optimization-Branch-Learning-Research/data/instances/eval_cauctions/cauctions_031.lp,2.0101500000000003
/Users/skandavyassrinivasan/Documents/Integral-Optimization-Branch-Learning-Research/data/instances/eval_cauctions/cauctions_032.lp,2.0101500000000003
/Users/skandavyassrinivasan/Documents/Integral-Optimization-Branch-Learning-Research/data/instances/eval_cauctions/cauctions_033.lp,2.0101500000000003
/Users/skandavyassrinivasan/Documents/Integral-Optimization-Branch-Learning-Research/data/instances/eval_cauctions/cauctions_034.lp,2.0101500000000003
/Users/skandavyassrinivasan/Documents/Integral-Optimization-Branch-Learning-Research/data/instances/eval_cauctions/cauctions_035.lp,2.0101500000000003
/Users/skandavyassrinivasan/Documents/Integral-Optimization-Branch-Learning-Research/data/instances/eval_cauctions/cauctions_036.lp,2.0101500000000003
/Users/skandavyassrinivasan/Documents/Integral-Optimization-Branch-Learning-Research/data/instances/eval_cauctions/cauctions_037.lp,2.0101500000000003
/Users/skandavyassrinivasan/Documents/Integral-Optimization-Branch-Learning-Research/data/instances/eval_cauctions/cauctions_038.lp,2.0101500000000003
/Users/skandavyassrinivasan/Documents/Integral-Optimization-Branch-Learning-Research/data/instances/eval_cauctions/cauctions_039.lp,2.0101500000000003
/Users/skandavyassrinivasan/Documents/Integral-Optimization-Branch-Learning-Research/data/instances/eval_cauctions/cauctions_040.lp,2.0101500000000003
/Users/skandavyassrinivasan/Documents/Integral-Optimization-Branch-Learning-Research/data/instances/eval_cauctions/cauctions_041.lp,2.0101500000000003
/Users/skandavyassrinivasan/Documents/Integral-Optimization-Branch-Learning-Research/data/instances/eval_cauctions/cauctions_042.lp,2.0101500000000003
/Users/skandavyassrinivasan/Documents/Integral-Optimization-Branch-Learning-Research/data/instances/eval_cauctions/cauctions_043.lp,2.0101500000000003
/Users/skandavyassrinivasan/Documents/Integral-Optimization-Branch-Learning-Research/data/instances/eval_cauctions/cauctions_044.lp,2.0101500000000003
/Users/skandavyassrinivasan/Documents/Integral-Optimization-Branch-Learning-Research/data/instances/eval_cauctions/cauctions_045.lp,2.0101500000000003
/Users/skandavyassrinivasan/Documents/Integral-Optimization-Branch-Learning-Research/data/instances/eval_cauctions/cauctions_046.lp,2.0101500000000003
/Users/skandavyassrinivasan/Documents/Integral-Optimization-Branch-Learning-Research/data/instances/eval_cauctions/cauctions_047.lp,2.0101500000000003
/Users/skandavyassrinivasan/Documents/Integral-Optimization-Branch-Learning-Research/data/instances/eval_cauctions/cauctions_048.lp,2.0101500000000003
/Users/skandavyassrinivasan/Documents/Integral-Optimization-Branch-Learning-Research/data/instances/eval_cauctions/cauctions_049.lp,2.0101500000000003
/Users/skandavyassrinivasan/Documents/Integral-Optimization-Branch-Learning-Research/data/instances/eval_cauctions/cauctions_050.lp,2.0101500000000003
/Users/skandavyassrinivasan/Documents/Integral-Optimization-Branch-Learning-Research/data/instances/eval_cauctions/cauctions_051.lp,2.0101500000000003
/Users/skandavyassrinivasan/Documents/Integral-Optimization-Branch-Learning-Research/data/instances/eval_cauctions/cauctions_052.lp,2.0101500000000003
/Users/skandavyassrinivasan/Documents/Integral-Optimization-Branch-Learning-Research/data/instances/eval_cauctions/cauctions_053.lp,2.0101500000000003
/Users/skandavyassrinivasan/Documents/Integral-Optimization-Branch-Learning-Research/data/instances/eval_cauctions/cauctions_054.lp,2.0101500000000003
/Users/skandavyassrinivasan/Documents/Integral-Optimization-Branch-Learning-Research/data/instances/eval_cauctions/cauctions_055.lp,2.0101500000000003
/Users/skandavyassrinivasan/Documents/Integral-Optimization-Branch-Learning-Research/data/instances/eval_cauctions/cauctions_056.lp,2.0101500000000003
/Users/skandavyassrinivasan/Documents/Integral-Optimization-Branch-Learning-Research/data/instances/eval_cauctions/cauctions_057.lp,2.0101500000000003
/Users/skandavyassrinivasan/Documents/Integral-Optimization-Branch-Learning-Research/data/instances/eval_cauctions/cauctions_058.lp,2.0101500000000003
/Users/skandavyassrinivasan/Documents/Integral-Optimization-Branch-Learning-Research/data/instances/eval_cauctions/cauctions_059.lp,2.0101500000000003
/Users/skandavyassrinivasan/Documents/Integral-Optimization-Branch-Learning-Research/data/instances/eval_cauctions/cauctions_060.lp,2.0101500000000003
/Users/skandavyassrinivasan/Documents/Integral-Optimization-Branch-Learning-Research/data/instances/eval_cauctions/cauctions_061.lp,2.0101500000000003
/Users/skandavyassrinivasan/Documents/Integral-Optimization-Branch-Learning-Research/data/instances/eval_cauctions/cauctions_062.lp,2.0101500000000003
/Users/skandavyassrinivasan/Documents/Integral-Optimization-Branch-Learning-Research/data/instances/eval_cauctions/cauctions_063.lp,2.0101500000000003
/Users/skandavyassrinivasan/Documents/Integral-Optimization-Branch-Learning-Research/data/instances/eval_cauctions/cauctions_064.lp,2.0101500000000003
/Users/skandavyassrinivasan/Documents/Integral-Optimization-Branch-Learning-Research/data/instances/eval_cauctions/cauctions_065.lp,2.0101500000000003
/Users/skandavyassrinivasan/Documents/Integral-Optimization-Branch-Learning-Research/data/instances/eval_cauctions/cauctions_066.lp,2.0101500000000003
/Users/skandavyassrinivasan/Documents/Integral-Optimization-Branch-Learning-Research/data/instances/eval_cauctions/cauctions_067.lp,2.0101500000000003
/Users/skandavyassrinivasan/Documents/Integral-Optimization-Branch-Learning-Research/data/instances/eval_cauctions/cauctions_068.lp,2.0101500000000003
/Users/skandavyassrinivasan/Documents/Integral-Optimization-Branch-Learning-Research/data/instances/eval_cauctions/cauctions_069.lp,2.0101500000000003
/Users/skandavyassrinivasan/Documents/Integral-Optimization-Branch-Learning-Research/data/instances/eval_cauctions/cauctions_070.lp,2.0101500000000003
/Users/skandavyassrinivasan/Documents/Integral-Optimization-Branch-Learning-Research/data/instances/eval_cauctions/cauctions_071.lp,2.0101500000000003
/Users/skandavyassrinivasan/Documents/Integral-Optimization-Branch-Learning-Research/data/instances/eval_cauctions/cauctions_072.lp,2.0101500000000003
/Users/skandavyassrinivasan/Documents/Integral-Optimization-Branch-Learning-Research/data/instances/eval_cauctions/cauctions_073.lp,2.0101500000000003
/Users/skandavyassrinivasan/Documents/Integral-Optimization-Branch-Learning-Research/data/instances/eval_cauctions/cauctions_074.lp,2.0101500000000003
/Users/skandavyassrinivasan/Documents/Integral-Optimization-Branch-Learning-Research/data/instances/eval_cauctions/cauctions_075.lp,2.0101500000000003
/Users/skandavyassrinivasan/Documents/Integral-Optimization-Branch-Learning-Research/data/instances/eval_cauctions/cauctions_076.lp,2.0101500000000003
/Users/skandavyassrinivasan/Documents/Integral-Optimization-Branch-Learning-Research/data/instances/eval_cauctions/cauctions_077.lp,2.0101500000000003
/Users/skandavyassrinivasan/Documents/Integral-Optimization-Branch-Learning-Research/data/instances/eval_cauctions/cauctions_078.lp,2.0101500000000003
/Users/skandavyassrinivasan/Documents/Integral-Optimization-Branch-Learning-Research/data/instances/eval_cauctions/cauctions_079.lp,2.0101500000000003
/Users/skandavyassrinivasan/Documents/Integral-Optimization-Branch-Learning-Research/data/instances/eval_cauctions/cauctions_080.lp,2.0101500000000003
/Users/skandavyassrinivasan/Documents/Integral-Optimization-Branch-Learning-Research/data/instances/eval_cauctions/cauctions_081.lp,2.0101500000000003
/Users/skandavyassrinivasan/Documents/Integral-Optimization-Branch-Learning-Research/data/instances/eval_cauctions/cauctions_082.lp,2.0101500000000003
/Users/skandavyassrinivasan/Documents/Integral-Optimization-Branch-Learning-Research/data/instances/eval_cauctions/cauctions_083.lp,2.0101500000000003
/Users/skandavyassrinivasan/Documents/Integral-Optimization-Branch-Learning-Research/data/instances/eval_cauctions/cauctions_084.lp,2.0101500000000003
/Users/skandavyassrinivasan/Documents/Integral-Optimization-Branch-Learning-Research/data/instances/eval_cauctions/cauctions_085.lp,2.0101500000000003
/Users/skandavyassrinivasan/Documents/Integral-Optimization-Branch-Learning-Research/data/instances/eval_cauctions/cauctions_086.lp,2.0101500000000003
/Users/skandavyassrinivasan/Documents/Integral-Optimization-Branch-Learning-Research/data/instances/eval_cauctions/cauctions_087.lp,2.0101500000000003
/Users/skandavyassrinivasan/Documents/Integral-Optimization-Branch-Learning-Research/data/instances/eval_cauctions/cauctions_088.lp,2.0101500000000003
/Users/skandavyassrinivasan/Documents/Integral-Optimization-Branch-Learning-Research/data/instances/eval_cauctions/cauctions_089.lp,2.0101500000000003
/Users/skandavyassrinivasan/Documents/Integral-Optimization-Branch-Learning-Research/data/instances/eval_cauctions/cauctions_090.lp,2.0101500000000003
/Users/skandavyassrinivasan/Documents/Integral-Optimization-Branch-Learning-Research/data/instances/eval_cauctions/cauctions_091.lp,2.0101500000000003
/Users/skandavyassrinivasan/Documents/Integral-Optimization-Branch-Learning-Research/data/instances/eval_cauctions/cauctions_092.lp,2.0101500000000003
/Users/skandavyassrinivasan/Documents/Integral-Optimization-Branch-Learning-Research/data/instances/eval_cauctions/cauctions_093.lp,2.0101500000000003
/Users/skandavyassrinivasan/Documents/Integral-Optimization-Branch-Learning-Research/data/instances/eval_cauctions/cauctions_094.lp,2.0101500000000003
/Users/skandavyassrinivasan/Documents/Integral-Optimization-Branch-Learning-Research/data/instances/eval_cauctions/cauctions_095.lp,2.0101500000000003
/Users/skandavyassrinivasan/Documents/Integral-Optimization-Branch-Learning-Research/data/instances/eval_cauctions/cauctions_096.lp,2.0101500000000003
/Users/skandavyassrinivasan/Documents/Integral-Optimization-Branch-Learning-Research/data/instances/eval_cauctions/cauctions_097.lp,2.0101500000000003
/Users/skandavyassrinivasan/Documents/Integral-Optimization-Branch-Learning-Research/data/instances/eval_cauctions/cauctions_098.lp,2.0101500000000003
/Users/skandavyassrinivasan/Documents/Integral-Optimization-Branch-Learning-Research/data/instances/eval_cauctions/cauctions_099.lp,2.0101500000000003
/Users/skandavyassrinivasan/Documents/Integral-Optimization-Branch-Learning-Research/data/instances/eval_facilities/facilities_000.lp,3.0000539212812574
/Users/skandavyassrinivasan/Documents/Integral-Optimization-Branch-Learning-Research/data/instances/eval_facilities/facilities_001.lp,3.0000539212812574
/Users/skandavyassrinivasan/Documents/Integral-Optimization-Branch-Learning-Research/data/instances/eval_facilities/facilities_002.lp,3.0000539212812574
/Users/skandavyassrinivasan/Documents/Integral-Optimization-Branch-Learning-Research/data/instances/eval_facilities/facilities_003.lp,3.0000539212812574
/Users/skandavyassrinivasan/Documents/Integral-Optimization-Branch-Learning-Research/data/instances/eval_facilities/facilities_004.lp,3.0000539212812574
/Users/skandavyassrinivasan/Documents/Integral-Optimization-Branch-Learning-Research/data/instances/eval_facilities/facilities_005.lp,3.0000539212812574
/Users/skandavyassrinivasan/Documents/Integral-Optimization-Branch-Learning-Research/data/instances/eval_facilities/facilities_006.lp,3.0000539212812574
/Users/skandavyassrinivasan/Documents/Integral-Optimization-Branch-Learning-Research/data/instances/eval_facilities/facilities_007.lp,3.0000539212812574
/Users/skandavyassrinivasan/Documents/Integral-Optimization-Branch-Learning-Research/data/instances/eval_facilities/facilities_008.lp,3.0000539212812574
/Users/skandavyassrinivasan/Documents/Integral-Optimization-Branch-Learning-Research/data/instances/eval_facilities/facilities_009.lp,3.0000539212812574
/Users/skandavyassrinivasan/Documents/Integral-Optimization-Branch-Learning-Research/data/instances/eval_facilities/facilities_010.lp,3.0000539212812574
/Users/skandavyassrinivasan/Documents/Integral-Optimization-Branch-Learning-Research/data/instances/eval_facilities/facilities_011.lp,3.0000539212812574
/Users/skandavyassrinivasan/Documents/Integral-Optimization-Branch-Learning-Research/data/instances/eval_facilities/facilities_012.lp,3.0000539212812574
/Users/skandavyassrinivasan/Documents/Integral-Optimization-Branch-Learning-Research/data/instances/eval_facilities/facilities_013.lp,3.0000539212812574
/Users/skandavyassrinivasan/Documents/Integral-Optimization-Branch-Learning-Research/data/instances/eval_facilities/facilities_014.lp,3.0000539212812574
/Users/skandavyassrinivasan/Documents/Integral-Optimization-Branch-Learning-Research/data/instances/eval_facilities/facilities_015.lp,3.0000539212812574
/Users/skandavyassrinivasan/Documents/Integral-Optimization-Branch-Learning-Research/data/instances/eval_facilities/facilities_016.lp,3.0000539212812574
/Users/skandavyassrinivasan/Documents/Integral-Optimization-Branch-Learning-Research/data/instances/eval_facilities/facilities_017.lp,3.0000539212812574
/Users/skandavyassrinivasan/Documents/Integral-Optimization-Branch-Learning-Research/data/instances/eval_facilities/facilities_018.lp,3.0000539212812574
/Users/skandavyassrinivasan/Documents/Integral-Optimization-Branch-Learning-Research/data/instances/eval_facilities/facilities_019.lp,3.0000539212812574
/Users/skandavyassrinivasan/Documents/Integral-Optimization-Branch-Learning-Research/data/instances/eval_facilities/facilities_020.lp,3.0000539212812574
/Users/skandavyassrinivasan/Documents/Integral-Optimization-Branch-Learning-Research/data/instances/eval_facilities/facilities_021.lp,3.0000539212812574
/Users/skandavyassrinivasan/Documents/Integral-Optimization-Branch-Learning-Research/data/instances/eval_facilities/facilities_022.lp,3.0000539212812574
/Users/skandavyassrinivasan/Documents/Integral-Optimization-Branch-Learning-Research/data/instances/eval_facilities/facilities_023.lp,3.0000539212812574
/Users/skandavyassrinivasan/Documents/Integral-Optimization-Branch-Learning-Research/data/instances/eval_facilities/facilities_024.lp,3.0000539212812574
/Users/skandavyassrinivasan/Documents/Integral-Optimization-Branch-Learning-Research/data/instances/eval_facilities/facilities_025.lp,3.0000539212812574
/Users/skandavyassrinivasan/Documents/Integral-Optimization-Branch-Learning-Research/data/instances/eval_facilities/facilities_026.lp,3.0000539212812574
/Users/skandavyassrinivasan/Documents/Integral-Optimization-Branch-Learning-Research/data/instances/eval_facilities/facilities_027.lp,3.0000539212812574
/Users/skandavyassrinivasan/Documents/Integral-Optimization-Branch-Learning-Research/data/instances/eval_facilities/facilities_028.lp,3.0000539212812574
/Users/skandavyassrinivasan/Documents/Integral-Optimization-Branch-Learning-Research/data/instances/eval_facilities/facilities_029.lp,3.0000539212812574
/Users/skandavyassrinivasan/Documents/Integral-Optimization-Branch-Learning-Research/data/instances/eval_facilities/facilities_030.lp,3.0000539212812574
/Users/skandavyassrinivasan/Documents/Integral-Optimization-Branch-Learning-Research/data/instances/eval_facilities/facilities_031.lp,3.0000539212812574
/Users/skandavyassrinivasan/Documents/Integral-Optimization-Branch-Learning-Research/data/instances/eval_facilities/facilities_032.lp,3.0000539212812574
/Users/skandavyassrinivasan/Documents/Integral-Optimization-Branch-Learning-Research/data/instances/eval_facilities/facilities_033.lp,3.0000539212812574
/Users/skandavyassrinivasan/Documents/Integral-Optimization-Branch-Learning-Research/data/instances/eval_facilities/facilities_034.lp,3.0000539212812574
/Users/skandavyassrinivasan/Documents/Integral-Optimization-Branch-Learning-Research/data/instances/eval_facilities/facilities_035.lp,3.0000539212812574
/Users/skandavyassrinivasan/Documents/Integral-Optimization-Branch-Learning-Research/data/instances/eval_facilities/facilities_036.lp,3.0000539212812574
/Users/skandavyassrinivasan/Documents/Integral-Optimization-Branch-Learning-Research/data/instances/eval_facilities/facilities_037.lp,3.0000539212812574
/Users/skandavyassrinivasan/Documents/Integral-Optimization-Branch-Learning-Research/data/instances/eval_facilities/facilities_038.lp,3.0000539212812574
/Users/skandavyassrinivasan/Documents/Integral-Optimization-Branch-Learning-Research/data/instances/eval_facilities/facilities_039.lp,3.0000539212812574
/Users/skandavyassrinivasan/Documents/Integral-Optimization-Branch-Learning-Research/data/instances/eval_facilities/facilities_040.lp,3.0000539212812574
/Users/skandavyassrinivasan/Documents/Integral-Optimization-Branch-Learning-Research/data/instances/eval_facilities/facilities_041.lp,3.0000539212812574
/Users/skandavyassrinivasan/Documents/Integral-Optimization-Branch-Learning-Research/data/instances/eval_facilities/facilities_042.lp,3.0000539212812574
/Users/skandavyassrinivasan/Documents/Integral-Optimization-Branch-Learning-Research/data/instances/eval_facilities/facilities_043.lp,3.0000539212812574
/Users/skandavyassrinivasan/Documents/Integral-Optimization-Branch-Learning-Research/data/instances/eval_facilities/facilities_044.lp,3.0000539212812574
/Users/skandavyassrinivasan/Documents/Integral-Optimization-Branch-Learning-Research/data/instances/eval_facilities/facilities_045.lp,3.0000539212812574
/Users/skandavyassrinivasan/Documents/Integral-Optimization-Branch-Learning-Research/data/instances/eval_facilities/facilities_046.lp,3.0000539212812574
/Users/skandavyassrinivasan/Documents/Integral-Optimization-Branch-Learning-Research/data/instances/eval_facilities/facilities_047.lp,3.0000539212812574
/Users/skandavyassrinivasan/Documents/Integral-Optimization-Branch-Learning-Research/data/instances/eval_facilities/facilities_048.lp,3.0000539212812574
/Users/skandavyassrinivasan/Documents/Integral-Optimization-Branch-Learning-Research/data/instances/eval_facilities/facilities_049.lp,3.0000539212812574
/Users/skandavyassrinivasan/Documents/Integral-Optimization-Branch-Learning-Research/data/instances/eval_facilities/facilities_050.lp,3.0000539212812574
/Users/skandavyassrinivasan/Documents/Integral-Optimization-Branch-Learning-Research/data/instances/eval_facilities/facilities_051.lp,3.0000539212812574
/Users/skandavyassrinivasan/Documents/Integral-Optimization-Branch-Learning-Research/data/instances/eval_facilities/facilities_052.lp,3.0000539212812574
/Users/skandavyassrinivasan/Documents/Integral-Optimization-Branch-Learning-Research/data/instances/eval_facilities/facilities_053.lp,3.0000539212812574
/Users/skandavyassrinivasan/Documents/Integral-Optimization-Branch-Learning-Research/data/instances/eval_facilities/facilities_054.lp,3.0000539212812574
/Users/skandavyassrinivasan/Documents/Integral-Optimization-Branch-Learning-Research/data/instances/eval_facilities/facilities_055.lp,3.0000539212812574
/Users/skandavyassrinivasan/Documents/Integral-Optimization-Branch-Learning-Research/data/instances/eval_facilities/facilities_056.lp,3.0000539212812574
/Users/skandavyassrinivasan/Documents/Integral-Optimization-Branch-Learning-Research/data/instances/eval_facilities/facilities_057.lp,3.0000539212812574
/Users/skandavyassrinivasan/Documents/Integral-Optimization-Branch-Learning-Research/data/instances/eval_facilities/facilities_058.lp,3.0000539212812574
/Users/skandavyassrinivasan/Documents/Integral-Optimization-Branch-Learning-Research/data/instances/eval_facilities/facilities_059.lp,3.0000539212812574
/Users/skandavyassrinivasan/Documents/Integral-Optimization-Branch-Learning-Research/data/instances/eval_facilities/facilities_060.lp,3.0000539212812574
/Users/skandavyassrinivasan/Documents/Integral-Optimization-Branch-Learning-Research/data/instances/eval_facilities/facilities_061.lp,3.0000539212812574
/Users/skandavyassrinivasan/Documents/Integral-Optimization-Branch-Learning-Research/data/instances/eval_facilities/facilities_062.lp,3.0000539212812574
/Users/skandavyassrinivasan/Documents/Integral-Optimization-Branch-Learning-Research/data/instances/eval_facilities/facilities_063.lp,3.0000539212812574
/Users/skandavyassrinivasan/Documents/Integral-Optimization-Branch-Learning-Research/data/instances/eval_facilities/facilities_064.lp,3.0000539212812574
/Users/skandavyassrinivasan/Documents/Integral-Optimization-Branch-Learning-Research/data/instances/eval_facilities/facilities_065.lp,3.0000539212812574
/Users/skandavyassrinivasan/Documents/Integral-Optimization-Branch-Learning-Research/data/instances/eval_facilities/facilities_066.lp,3.0000539212812574
/Users/skandavyassrinivasan/Documents/Integral-Optimization-Branch-Learning-Research/data/instances/eval_facilities/facilities_067.lp,3.0000539212812574
/Users/skandavyassrinivasan/Documents/Integral-Optimization-Branch-Learning-Research/data/instances/eval_facilities/facilities_068.lp,3.0000539212812574
/Users/skandavyassrinivasan/Documents/Integral-Optimization-Branch-Learning-Research/data/instances/eval_facilities/facilities_069.lp,3.0000539212812574
/Users/skandavyassrinivasan/Documents/Integral-Optimization-Branch-Learning-Research/data/instances/eval_facilities/facilities_070.lp,3.0000539212812574
/Users/skandavyassrinivasan/Documents/Integral-Optimization-Branch-Learning-Research/data/instances/eval_facilities/facilities_071.lp,3.0000539212812574
/Users/skandavyassrinivasan/Documents/Integral-Optimization-Branch-Learning-Research/data/instances/eval_facilities/facilities_072.lp,3.0000539212812574
/Users/skandavyassrinivasan/Documents/Integral-Optimization-Branch-Learning-Research/data/instances/eval_facilities/facilities_073.lp,3.0000539212812574
/Users/skandavyassrinivasan/Documents/Integral-Optimization-Branch-Learning-Research/data/instances/eval_facilities/facilities_074.lp,3.0000539212812574
/Users/skandavyassrinivasan/Documents/Integral-Optimization-Branch-Learning-Research/data/instances/eval_facilities/facilities_075.lp,3.0000539212812574
/Users/skandavyassrinivasan/Documents/Integral-Optimization-Branch-Learning-Research/data/instances/eval_facilities/facilities_076.lp,3.0000539212812574
/Users/skandavyassrinivasan/Documents/Integral-Optimization-Branch-Learning-Research/data/instances/eval_facilities/facilities_077.lp,3.0000539212812574
/Users/skandavyassrinivasan/Documents/Integral-Optimization-Branch-Learning-Research/data/instances/eval_facilities/facilities_078.lp,3.0000539212812574
/Users/skandavyassrinivasan/Documents/Integral-Optimization-Branch-Learning-Research/data/instances/eval_facilities/facilities_079.lp,3.0000539212812574
/Users/skandavyassrinivasan/Documents/Integral-Optimization-Branch-Learning-Research/data/instances/eval_facilities/facilities_080.lp,3.0000539212812574
/Users/skandavyassrinivasan/Documents/Integral-Optimization-Branch-Learning-Research/data/instances/eval_facilities/facilities_081.lp,3.0000539212812574
/Users/skandavyassrinivasan/Documents/Integral-Optimization-Branch-Learning-Research/data/instances/eval_facilities/facilities_082.lp,3.0000539212812574
/Users/skandavyassrinivasan/Documents/Integral-Optimization-Branch-Learning-Research/data/instances/eval_facilities/facilities_083.lp,3.0000539212812574
/Users/skandavyassrinivasan/Documents/Integral-Optimization-Branch-Learning-Research/data/instances/eval_facilities/facilities_084.lp,3.0000539212812574
/Users/skandavyassrinivasan/Documents/Integral-Optimization-Branch-Learning-Research/data/instances/eval_facilities/facilities_085.lp,3.0000539212812574
/Users/skandavyassrinivasan/Documents/Integral-Optimization-Branch-Learning-Research/data/instances/eval_facilities/facilities_086.lp,3.0000539212812574
/Users/skandavyassrinivasan/Documents/Integral-Optimization-Branch-Learning-Research/data/instances/eval_facilities/facilities_087.lp,3.0000539212812574
/Users/skandavyassrinivasan/Documents/Integral-Optimization-Branch-Learning-Research/data/instances/eval_facilities/facilities_088.lp,3.0000539212812574
/Users/skandavyassrinivasan/Documents/Integral-Optimization-Branch-Learning-Research/data/instances/eval_facilities/facilities_089.lp,3.0000539212812574
/Users/skandavyassrinivasan/Documents/Integral-Optimization-Branch-Learning-Research/data/instances/eval_facilities/facilities_090.lp,3.0000539212812574
/Users/skandavyassrinivasan/Documents/Integral-Optimization-Branch-Learning-Research/data/instances/eval_facilities/facilities_091.lp,3.0000539212812574
/Users/skandavyassrinivasan/Documents/Integral-Optimization-Branch-Learning-Research/data/instances/eval_facilities/facilities_092.lp,3.0000539212812574
/Users/skandavyassrinivasan/Documents/Integral-Optimization-Branch-Learning-Research/data/instances/eval_facilities/facilities_093.lp,3.0000539212812574
/Users/skandavyassrinivasan/Documents/Integral-Optimization-Branch-Learning-Research/data/instances/eval_facilities/facilities_094.lp,3.0000539212812574
/Users/skandavyassrinivasan/Documents/Integral-Optimization-Branch-Learning-Research/data/instances/eval_facilities/facilities_095.lp,3.0000539212812574
/Users/skandavyassrinivasan/Documents/Integral-Optimization-Branch-Learning-Research/data/instances/eval_facilities/facilities_096.lp,3.0000539212812574
/Users/skandavyassrinivasan/Documents/Integral-Optimization-Branch-Learning-Research/data/instances/eval_facilities/facilities_097.lp,3.0000539212812574
/Users/skandavyassrinivasan/Documents/Integral-Optimization-Branch-Learning-Research/data/instances/eval_facilities/facilities_098.lp,3.0000539212812574
/Users/skandavyassrinivasan/Documents/Integral-Optimization-Branch-Learning-Research/data/instances/eval_facilities/facilities_099.lp,3.0000539212812574
/Users/skandavyassrinivasan/Documents/Integral-Optimization-Branch-Learning-Research/data/instances/eval_indset/indset_000.lp,2.98985
/Users/skandavyassrinivasan/Documents/Integral-Optimization-Branch-Learning-Research/data/instances/eval_indset/indset_001.lp,2.98985
/Users/skandavyassrinivasan/Documents/Integral-Optimization-Branch-Learning-Research/data/instances/eval_indset/indset_002.lp,2.98985
/Users/skandavyassrinivasan/Documents/Integral-Optimization-Branch-Learning-Research/data/instances/eval_indset/indset_003.lp,2.98985
/Users/skandavyassrinivasan/Documents/Integral-Optimization-Branch-Learning-Research/data/instances/eval_indset/indset_004.lp,2.98985
/Users/skandavyassrinivasan/Documents/Integral-Optimization-Branch-Learning-Research/data/instances/eval_indset/indset_005.lp,2.98985
/Users/skandavyassrinivasan/Documents/Integral-Optimization-Branch-Learning-Research/data/instances/eval_indset/indset_006.lp,2.98985
/Users/skandavyassrinivasan/Documents/Integral-Optimization-Branch-Learning-Research/data/instances/eval_indset/indset_007.lp,2.98985
/Users/skandavyassrinivasan/Documents/Integral-Optimization-Branch-Learning-Research/data/instances/eval_indset/indset_008.lp,2.98985
/Users/skandavyassrinivasan/Documents/Integral-Optimization-Branch-Learning-Research/data/instances/eval_indset/indset_009.lp,2.98985
/Users/skandavyassrinivasan/Documents/Integral-Optimization-Branch-Learning-Research/data/instances/eval_indset/indset_010.lp,2.98985
/Users/skandavyassrinivasan/Documents/Integral-Optimization-Branch-Learning-Research/data/instances/eval_indset/indset_011.lp,2.98985
/Users/skandavyassrinivasan/Documents/Integral-Optimization-Branch-Learning-Research/data/instances/eval_indset/indset_012.lp,2.98985
/Users/skandavyassrinivasan/Documents/Integral-Optimization-Branch-Learning-Research/data/instances/eval_indset/indset_013.lp,2.98985
/Users/skandavyassrinivasan/Documents/Integral-Optimization-Branch-Learning-Research/data/instances/eval_indset/indset_014.lp,2.98985
/Users/skandavyassrinivasan/Documents/Integral-Optimization-Branch-Learning-Research/data/instances/eval_indset/indset_015.lp,2.98985
/Users/skandavyassrinivasan/Documents/Integral-Optimization-Branch-Learning-Research/data/instances/eval_indset/indset_016.lp,2.98985
/Users/skandavyassrinivasan/Documents/Integral-Optimization-Branch-Learning-Research/data/instances/eval_indset/indset_017.lp,2.98985
/Users/skandavyassrinivasan/Documents/Integral-Optimization-Branch-Learning-Research/data/instances/eval_indset/indset_018.lp,2.98985
/Users/skandavyassrinivasan/Documents/Integral-Optimization-Branch-Learning-Research/data/instances/eval_indset/indset_019.lp,2.98985
/Users/skandavyassrinivasan/Documents/Integral-Optimization-Branch-Learning-Research/data/instances/eval_indset/indset_020.lp,2.98985
/Users/skandavyassrinivasan/Documents/Integral-Optimization-Branch-Learning-Research/data/instances/eval_indset/indset_021.lp,2.98985
/Users/skandavyassrinivasan/Documents/Integral-Optimization-Branch-Learning-Research/data/instances/eval_indset/indset_022.lp,2.98985
/Users/skandavyassrinivasan/Documents/Integral-Optimization-Branch-Learning-Research/data/instances/eval_indset/indset_023.lp,2.98985
/Users/skandavyassrinivasan/Documents/Integral-Optimization-Branch-Learning-Research/data/instances/eval_indset/indset_024.lp,2.98985
/Users/skandavyassrinivasan/Documents/Integral-Optimization-Branch-Learning-Research/data/instances/eval_indset/indset_025.lp,2.98985
/Users/skandavyassrinivasan/Documents/Integral-Optimization-Branch-Learning-Research/data/instances/eval_indset/indset_026.lp,2.98985
/Users/skandavyassrinivasan/Documents/Integral-Optimization-Branch-Learning-Research/data/instances/eval_indset/indset_027.lp,2.98985
/Users/skandavyassrinivasan/Documents/Integral-Optimization-Branch-Learning-Research/data/instances/eval_indset/indset_028.lp,2.98985
/Users/skandavyassrinivasan/Documents/Integral-Optimization-Branch-Learning-Research/data/instances/eval_indset/indset_029.lp,2.98985
/Users/skandavyassrinivasan/Documents/Integral-Optimization-Branch-Learning-Research/data/instances/eval_indset/indset_030.lp,2.98985
/Users/skandavyassrinivasan/Documents/Integral-Optimization-Branch-Learning-Research/data/instances/eval_indset/indset_031.lp,2.98985
/Users/skandavyassrinivasan/Documents/Integral-Optimization-Branch-Learning-Research/data/instances/eval_indset/indset_032.lp,2.98985
/Users/skandavyassrinivasan/Documents/Integral-Optimization-Branch-Learning-Research/data/instances/eval_indset/indset_033.lp,2.98985
/Users/skandavyassrinivasan/Documents/Integral-Optimization-Branch-Learning-Research/data/instances/eval_indset/indset_034.lp,2.98985
/Users/skandavyassrinivasan/Documents/Integral-Optimization-Branch-Learning-Research/data/instances/eval_indset/indset_035.lp,2.98985
/Users/skandavyassrinivasan/Documents/Integral-Optimization-Branch-Learning-Research/data/instances/eval_indset/indset_036.lp,2.98985
/Users/skandavyassrinivasan/Documents/Integral-Optimization-Branch-Learning-Research/data/instances/eval_indset/indset_037.lp,2.98985
/Users/skandavyassrinivasan/Documents/Integral-Optimization-Branch-Learning-Research/data/instances/eval_indset/indset_038.lp,2.98985
/Users/skandavyassrinivasan/Documents/Integral-Optimization-Branch-Learning-Research/data/instances/eval_indset/indset_039.lp,2.98985
/Users/skandavyassrinivasan/Documents/Integral-Optimization-Branch-Learning-Research/data/instances/eval_indset/indset_040.lp,2.98985
/Users/skandavyassrinivasan/Documents/Integral-Optimization-Branch-Learning-Research/data/instances/eval_indset/indset_041.lp,2.98985
/Users/skandavyassrinivasan/Documents/Integral-Optimization-Branch-Learning-Research/data/instances/eval_indset/indset_042.lp,2.98985
/Users/skandavyassrinivasan/Documents/Integral-Optimization-Branch-Learning-Research/data/instances/eval_indset/indset_043.lp,2.98985
/Users/skandavyassrinivasan/Documents/Integral-Optimization-Branch-Learning-Research/data/instances/eval_indset/indset_044.lp,2.98985
/Users/skandavyassrinivasan/Documents/Integral-Optimization-Branch-Learning-Research/data/instances/eval_indset/indset_045.lp,2.98985
/Users/skandavyassrinivasan/Documents/Integral-Optimization-Branch-Learning-Research/data/instances/eval_indset/indset_046.lp,2.98985
/Users/skandavyassrinivasan/Documents/Integral-Optimization-Branch-Learning-Research/data/instances/eval_indset/indset_047.lp,2.98985
/Users/skandavyassrinivasan/Documents/Integral-Optimization-Branch-Learning-Research/data/instances/eval_indset/indset_048.lp,2.98985
/Users/skandavyassrinivasan/Documents/Integral-Optimization-Branch-Learning-Research/data/instances/eval_indset/indset_049.lp,2.98985
/Users/skandavyassrinivasan/Documents/Integral-Optimization-Branch-Learning-Research/data/instances/eval_indset/indset_050.lp,2.98985
/Users/skandavyassrinivasan/Documents/Integral-Optimization-Branch-Learning-Research/data/instances/eval_indset/indset_051.lp,2.98985
/Users/skandavyassrinivasan/Documents/Integral-Optimization-Branch-Learning-Research/data/instances/eval_indset/indset_052.lp,2.98985
/Users/skandavyassrinivasan/Documents/Integral-Optimization-Branch-Learning-Research/data/instances/eval_indset/indset_053.lp,2.98985
/Users/skandavyassrinivasan/Documents/Integral-Optimization-Branch-Learning-Research/data/instances/eval_indset/indset_054.lp,2.98985
/Users/skandavyassrinivasan/Documents/Integral-Optimization-Branch-Learning-Research/data/instances/eval_indset/indset_055.lp,2.98985
/Users/skandavyassrinivasan/Documents/Integral-Optimization-Branch-Learning-Research/data/instances/eval_indset/indset_056.lp,2.98985
/Users/skandavyassrinivasan/Documents/Integral-Optimization-Branch-Learning-Research/data/instances/eval_indset/indset_057.lp,2.98985
/Users/skandavyassrinivasan/Documents/Integral-Optimization-Branch-Learning-Research/data/instances/eval_indset/indset_058.lp,2.98985
/Users/skandavyassrinivasan/Documents/Integral-Optimization-Branch-Learning-Research/data/instances/eval_indset/indset_059.lp,2.98985
/Users/skandavyassrinivasan/Documents/Integral-Optimization-Branch-Learning-Research/data/instances/eval_indset/indset_060.lp,2.98985
/Users/skandavyassrinivasan/Documents/Integral-Optimization-Branch-Learning-Research/data/instances/eval_indset/indset_061.lp,2.98985
/Users/skandavyassrinivasan/Documents/Integral-Optimization-Branch-Learning-Research/data/instances/eval_indset/indset_062.lp,2.98985
/Users/skandavyassrinivasan/Documents/Integral-Optimization-Branch-Learning-Research/data/instances/eval_indset/indset_063.lp,2.98985
/Users/skandavyassrinivasan/Documents/Integral-Optimization-Branch-Learning-Research/data/instances/eval_indset/indset_064.lp,2.98985
/Users/skandavyassrinivasan/Documents/Integral-Optimization-Branch-Learning-Research/data/instances/eval_indset/indset_065.lp,2.98985
/Users/skandavyassrinivasan/Documents/Integral-Optimization-Branch-Learning-Research/data/instances/eval_indset/indset_066.lp,2.98985
/Users/skandavyassrinivasan/Documents/Integral-Optimization-Branch-Learning-Research/data/instances/eval_indset/indset_067.lp,2.98985
/Users/skandavyassrinivasan/Documents/Integral-Optimization-Branch-Learning-Research/data/instances/eval_indset/indset_068.lp,2.98985
/Users/skandavyassrinivasan/Documents/Integral-Optimization-Branch-Learning-Research/data/instances/eval_indset/indset_069.lp,2.98985
/Users/skandavyassrinivasan/Documents/Integral-Optimization-Branch-Learning-Research/data/instances/eval_indset/indset_070.lp,2.98985
/Users/skandavyassrinivasan/Documents/Integral-Optimization-Branch-Learning-Research/data/instances/eval_indset/indset_071.lp,2.98985
/Users/skandavyassrinivasan/Documents/Integral-Optimization-Branch-Learning-Research/data/instances/eval_indset/indset_072.lp,2.98985
/Users/skandavyassrinivasan/Documents/Integral-Optimization-Branch-Learning-Research/data/instances/eval_indset/indset_073.lp,2.98985
/Users/skandavyassrinivasan/Documents/Integral-Optimization-Branch-Learning-Research/data/instances/eval_indset/indset_074.lp,2.98985
/Users/skandavyassrinivasan/Documents/Integral-Optimization-Branch-Learning-Research/data/instances/eval_indset/indset_075.lp,2.98985
/Users/skandavyassrinivasan/Documents/Integral-Optimization-Branch-Learning-Research/data/instances/eval_indset/indset_076.lp,2.98985
/Users/skandavyassrinivasan/Documents/Integral-Optimization-Branch-Learning-Research/data/instances/eval_indset/indset_077.lp,2.98985
/Users/skandavyassrinivasan/Documents/Integral-Optimization-Branch-Learning-Research/data/instances/eval_indset/indset_078.lp,2.98985
/Users/skandavyassrinivasan/Documents/Integral-Optimization-Branch-Learning-Research/data/instances/eval_indset/indset_079.lp,2.98985
/Users/skandavyassrinivasan/Documents/Integral-Optimization-Branch-Learning-Research/data/instances/eval_indset/indset_080.lp,2.98985
/Users/skandavyassrinivasan/Documents/Integral-Optimization-Branch-Learning-Research/data/instances/eval_indset/indset_081.lp,2.98985
/Users/skandavyassrinivasan/Documents/Integral-Optimization-Branch-Learning-Research/data/instances/eval_indset/indset_082.lp,2.98985
/Users/skandavyassrinivasan/Documents/Integral-Optimization-Branch-Learning-Research/data/instances/eval_indset/indset_083.lp,2.98985
/Users/skandavyassrinivasan/Documents/Integral-Optimization-Branch-Learning-Research/data/instances/eval_indset/indset_084.lp,2.98985
/Users/skandavyassrinivasan/Documents/Integral-Optimization-Branch-Learning-Research/data/instances/eval_indset/indset_085.lp,2.98985
/Users/skandavyassrinivasan/Documents/Integral-Optimization-Branch-Learning-Research/data/instances/eval_indset/indset_086.lp,2.98985
/Users/skandavyassrinivasan/Documents/Integral-Optimization-Branch-Learning-Research/data/instances/eval_indset/indset_087.lp,2.98985
/Users/skandavyassrinivasan/Documents/Integral-Optimization-Branch-Learning-Research/data/instances/eval_indset/indset_088.lp,2.98985
/Users/skandavyassrinivasan/Documents/Integral-Optimization-Branch-Learning-Research/data/instances/eval_indset/indset_089.lp,2.98985
/Users/skandavyassrinivasan/Documents/Integral-Optimization-Branch-Learning-Research/data/instances/eval_indset/indset_090.lp,2.98985
/Users/skandavyassrinivasan/Documents/Integral-Optimization-Branch-Learning-Research/data/instances/eval_indset/indset_091.lp,2.98985
/Users/skandavyassrinivasan/Documents/Integral-Optimization-Branch-Learning-Research/data/instances/eval_indset/indset_092.lp,2.98985
/Users/skandavyassrinivasan/Documents/Integral-Optimization-Branch-Learning-Research/data/instances/eval_indset/indset_093.lp,2.98985
/Users/skandavyassrinivasan/Documents/Integral-Optimization-Branch-Learning-Research/data/instances/eval_indset/indset_094.lp,2.98985
/Users/skandavyassrinivasan/Documents/Integral-Optimization-Branch-Learning-Research/data/instances/eval_indset/indset_095.lp,2.98985
/Users/skandavyassrinivasan/Documents/Integral-Optimization-Branch-Learning-Research/data/instances/eval_indset/indset_096.lp,2.98985
/Users/skandavyassrinivasan/Documents/Integral-Optimization-Branch-Learning-Research/data/instances/eval_indset/indset_097.lp,2.98985
/Users/skandavyassrinivasan/Documents/Integral-Optimization-Branch-Learning-Research/data/instances/eval_indset/indset_098.lp,2.98985
/Users/skandavyassrinivasan/Documents/Integral-Optimization-Branch-Learning-Research/data/instances/eval_indset/indset_099.lp,2.98985
/Users/skandavyassrinivasan/Documents/Integral-Optimization-Branch-Learning-Research/data/instances/eval_mknapsack/mknapsack_000.mps,1.0101499999999999
/Users/skandavyassrinivasan/Documents/Integral-Optimization-Branch-Learning-Research/data/instances/eval_mknapsack/mknapsack_001.mps,1.0101499999999999
/Users/skandavyassrinivasan/Documents/Integral-Optimization-Branch-Learning-Research/data/instances/eval_mknapsack/mknapsack_002.mps,1.0101500000000003
/Users/skandavyassrinivasan/Documents/Integral-Optimization-Branch-Learning-Research/data/instances/eval_mknapsack/mknapsack_003.mps,1.0101499999999999
/Users/skandavyassrinivasan/Documents/Integral-Optimization-Branch-Learning-Research/data/instances/eval_mknapsack/mknapsack_004.mps,1.0101500000000003
/Users/skandavyassrinivasan/Documents/Integral-Optimization-Branch-Learning-Research/data/instances/eval_mknapsack/mknapsack_005.mps,1.01015
/Users/skandavyassrinivasan/Documents/Integral-Optimization-Branch-Learning-Research/data/instances/eval_mknapsack/mknapsack_006.mps,1.01015
/Users/skandavyassrinivasan/Documents/Integral-Optimization-Branch-Learning-Research/data/instances/eval_mknapsack/mknapsack_007.mps,1.01015
/Users/skandavyassrinivasan/Documents/Integral-Optimization-Branch-Learning-Research/data/instances/eval_mknapsack/mknapsack_008.mps,1.0101499999999999
/Users/skandavyassrinivasan/Documents/Integral-Optimization-Branch-Learning-Research/data/instances/eval_mknapsack/mknapsack_009.mps,1.0101499999999999
/Users/skandavyassrinivasan/Documents/Integral-Optimization-Branch-Learning-Research/data/instances/eval_mknapsack/mknapsack_010.mps,1.0101499999999999
/Users/skandavyassrinivasan/Documents/Integral-Optimization-Branch-Learning-Research/data/instances/eval_mknapsack/mknapsack_011.mps,1.0101500000000003
/Users/skandavyassrinivasan/Documents/Integral-Optimization-Branch-Learning-Research/data/instances/eval_mknapsack/mknapsack_012.mps,1.0101499999999999
/Users/skandavyassrinivasan/Documents/Integral-Optimization-Branch-Learning-Research/data/instances/eval_mknapsack/mknapsack_013.mps,1.0101500000000003
/Users/skandavyassrinivasan/Documents/Integral-Optimization-Branch-Learning-Research/data/instances/eval_mknapsack/mknapsack_014.mps,1.01015
/Users/skandavyassrinivasan/Documents/Integral-Optimization-Branch-Learning-Research/data/instances/eval_mknapsack/mknapsack_015.mps,1.01015
/Users/skandavyassrinivasan/Documents/Integral-Optimization-Branch-Learning-Research/data/instances/eval_mknapsack/mknapsack_016.mps,1.01015
/Users/skandavyassrinivasan/Documents/Integral-Optimization-Branch-Learning-Research/data/instances/eval_mknapsack/mknapsack_017.mps,1.0101499999999999
/Users/skandavyassrinivasan/Documents/Integral-Optimization-Branch-Learning-Research/data/instances/eval_mknapsack/mknapsack_018.mps,1.0101499999999999
/Users/skandavyassrinivasan/Documents/Integral-Optimization-Branch-Learning-Research/data/instances/eval_mknapsack/mknapsack_019.mps,1.01015
/Users/skandavyassrinivasan/Documents/Integral-Optimization-Branch-Learning-Research/data/instances/eval_mknapsack/mknapsack_020.mps,1.01015
/Users/skandavyassrinivasan/Documents/Integral-Optimization-Branch-Learning-Research/data/instances/eval_mknapsack/mknapsack_021.mps,1.0101499999999997
/Users/skandavyassrinivasan/Documents/Integral-Optimization-Branch-Learning-Research/data/instances/eval_mknapsack/mknapsack_022.mps,1.0101499999999999
/Users/skandavyassrinivasan/Documents/Integral-Optimization-Branch-Learning-Research/data/instances/eval_mknapsack/mknapsack_023.mps,1.0101499999999999
/Users/skandavyassrinivasan/Documents/Integral-Optimization-Branch-Learning-Research/data/instances/eval_mknapsack/mknapsack_024.mps,1.01015
/Users/skandavyassrinivasan/Documents/Integral-Optimization-Branch-Learning-Research/data/instances/eval_mknapsack/mknapsack_025.mps,1.01015
/Users/skandavyassrinivasan/Documents/Integral-Optimization-Branch-Learning-Research/data/instances/eval_mknapsack/mknapsack_026.mps,1.01015
/Users/skandavyassrinivasan/Documents/Integral-Optimization-Branch-Learning-Research/data/instances/eval_mknapsack/mknapsack_027.mps,1.01015
/Users/skandavyassrinivasan/Documents/Integral-Optimization-Branch-Learning-Research/data/instances/eval_mknapsack/mknapsack_028.mps,1.01015
/Users/skandavyassrinivasan/Documents/Integral-Optimization-Branch-Learning-Research/data/instances/eval_mknapsack/mknapsack_029.mps,1.0101499999999999
/Users/skandavyassrinivasan/Documents/Integral-Optimization-Branch-Learning-Research/data/instances/eval_mknapsack/mknapsack_030.mps,1.01015
/Users/skandavyassrinivasan/Documents/Integral-Optimization-Branch-Learning-Research/data/instances/eval_mknapsack/mknapsack_031.mps,1.0101499999999999
/Users/skandavyassrinivasan/Documents/Integral-Optimization-Branch-Learning-Research/data/instances/eval_mknapsack/mknapsack_032.mps,1.01015
/Users/skandavyassrinivasan/Documents/Integral-Optimization-Branch-Learning-Research/data/instances/eval_mknapsack/mknapsack_033.mps,1.01015
/Users/skandavyassrinivasan/Documents/Integral-Optimization-Branch-Learning-Research/data/instances/eval_mknapsack/mknapsack_034.mps,1.01015
/Users/skandavyassrinivasan/Documents/Integral-Optimization-Branch-Learning-Research/data/instances/eval_mknapsack/mknapsack_035.mps,1.01015
/Users/skandavyassrinivasan/Documents/Integral-Optimization-Branch-Learning-Research/data/instances/eval_mknapsack/mknapsack_036.mps,1.0101499999999997
/Users/skandavyassrinivasan/Documents/Integral-Optimization-Branch-Learning-Research/data/instances/eval_mknapsack/mknapsack_037.mps,1.01015
/Users/skandavyassrinivasan/Documents/Integral-Optimization-Branch-Learning-Research/data/instances/eval_mknapsack/mknapsack_038.mps,1.01015
/Users/skandavyassrinivasan/Documents/Integral-Optimization-Branch-Learning-Research/data/instances/eval_mknapsack/mknapsack_039.mps,1.0101500000000003
/Users/skandavyassrinivasan/Documents/Integral-Optimization-Branch-Learning-Research/data/instances/eval_mknapsack/mknapsack_040.mps,1.01015
/Users/skandavyassrinivasan/Documents/Integral-Optimization-Branch-Learning-Research/data/instances/eval_mknapsack/mknapsack_041.mps,1.01015
/Users/skandavyassrinivasan/Documents/Integral-Optimization-Branch-Learning-Research/data/instances/eval_mknapsack/mknapsack_042.mps,1.01015
/Users/skandavyassrinivasan/Documents/Integral-Optimization-Branch-Learning-Research/data/instances/eval_mknapsack/mknapsack_043.mps,1.01015
/Users/skandavyassrinivasan/Documents/Integral-Optimization-Branch-Learning-Research/data/instances/eval_mknapsack/mknapsack_044.mps,1.0101499999999997
/Users/skandavyassrinivasan/Documents/Integral-Optimization-Branch-Learning-Research/data/instances/eval_mknapsack/mknapsack_045.mps,1.01015
/Users/skandavyassrinivasan/Documents/Integral-Optimization-Branch-Learning-Research/data/instances/eval_mknapsack/mknapsack_046.mps,1.01015
/Users/skandavyassrinivasan/Documents/Integral-Optimization-Branch-Learning-Research/data/instances/eval_mknapsack/mknapsack_047.mps,1.01015
/Users/skandavyassrinivasan/Documents/Integral-Optimization-Branch-Learning-Research/data/instances/eval_mknapsack/mknapsack_048.mps,1.0101499999999999
/Users/skandavyassrinivasan/Documents/Integral-Optimization-Branch-Learning-Research/data/instances/eval_mknapsack/mknapsack_049.mps,1.0101499999999997
/Users/skandavyassrinivasan/Documents/Integral-Optimization-Branch-Learning-Research/data/instances/eval_mknapsack/mknapsack_050.mps,1.01015
/Users/skandavyassrinivasan/Documents/Integral-Optimization-Branch-Learning-Research/data/instances/eval_mknapsack/mknapsack_051.mps,1.01015
/Users/skandavyassrinivasan/Documents/Integral-Optimization-Branch-Learning-Research/data/instances/eval_mknapsack/mknapsack_052.mps,1.01015
/Users/skandavyassrinivasan/Documents/Integral-Optimization-Branch-Learning-Research/data/instances/eval_mknapsack/mknapsack_053.mps,1.01015
/Users/skandavyassrinivasan/Documents/Integral-Optimization-Branch-Learning-Research/data/instances/eval_mknapsack/mknapsack_054.mps,1.0101499999999999
/Users/skandavyassrinivasan/Documents/Integral-Optimization-Branch-Learning-Research/data/instances/eval_mknapsack/mknapsack_055.mps,1.01015
/Users/skandavyassrinivasan/Documents/Integral-Optimization-Branch-Learning-Research/data/instances/eval_mknapsack/mknapsack_056.mps,1.0101499999999999
/Users/skandavyassrinivasan/Documents/Integral-Optimization-Branch-Learning-Research/data/instances/eval_mknapsack/mknapsack_057.mps,1.01015
/Users/skandavyassrinivasan/Documents/Integral-Optimization-Branch-Learning-Research/data/instances/eval_mknapsack/mknapsack_058.mps,1.0101499999999999
/Users/skandavyassrinivasan/Documents/Integral-Optimization-Branch-Learning-Research/data/instances/eval_mknapsack/mknapsack_059.mps,1.0101499999999999
/Users/skandavyassrinivasan/Documents/Integral-Optimization-Branch-Learning-Research/data/instances/eval_mknapsack/mknapsack_060.mps,1.0101499999999999
/Users/skandavyassrinivasan/Documents/Integral-Optimization-Branch-Learning-Research/data/instances/eval_mknapsack/mknapsack_061.mps,1.0101499999999997
/Users/skandavyassrinivasan/Documents/Integral-Optimization-Branch-Learning-Research/data/instances/eval_mknapsack/mknapsack_062.mps,1.01015
/Users/skandavyassrinivasan/Documents/Integral-Optimization-Branch-Learning-Research/data/instances/eval_mknapsack/mknapsack_063.mps,1.0101499999999999
/Users/skandavyassrinivasan/Documents/Integral-Optimization-Branch-Learning-Research/data/instances/eval_mknapsack/mknapsack_064.mps,1.01015
/Users/skandavyassrinivasan/Documents/Integral-Optimization-Branch-Learning-Research/data/instances/eval_mknapsack/mknapsack_065.mps,1.01015
/Users/skandavyassrinivasan/Documents/Integral-Optimization-Branch-Learning-Research/data/instances/eval_mknapsack/mknapsack_066.mps,1.01015
/Users/skandavyassrinivasan/Documents/Integral-Optimization-Branch-Learning-Research/data/instances/eval_mknapsack/mknapsack_067.mps,1.0101499999999997
/Users/skandavyassrinivasan/Documents/Integral-Optimization-Branch-Learning-Research/data/instances/eval_mknapsack/mknapsack_068.mps,1.01015
/Users/skandavyassrinivasan/Documents/Integral-Optimization-Branch-Learning-Research/data/instances/eval_mknapsack/mknapsack_069.mps,1.01015
/Users/skandavyassrinivasan/Documents/Integral-Optimization-Branch-Learning-Research/data/instances/eval_mknapsack/mknapsack_070.mps,1.0101499999999999
/Users/skandavyassrinivasan/Documents/Integral-Optimization-Branch-Learning-Research/data/instances/eval_mknapsack/mknapsack_071.mps,1.01015
/Users/skandavyassrinivasan/Documents/Integral-Optimization-Branch-Learning-Research/data/instances/eval_mknapsack/mknapsack_072.mps,1.01015
/Users/skandavyassrinivasan/Documents/Integral-Optimization-Branch-Learning-Research/data/instances/eval_mknapsack/mknapsack_073.mps,1.01015
/Users/skandavyassrinivasan/Documents/Integral-Optimization-Branch-Learning-Research/data/instances/eval_mknapsack/mknapsack_074.mps,1.01015
/Users/skandavyassrinivasan/Documents/Integral-Optimization-Branch-Learning-Research/data/instances/eval_mknapsack/mknapsack_075.mps,1.01015
/Users/skandavyassrinivasan/Documents/Integral-Optimization-Branch-Learning-Research/data/instances/eval_mknapsack/mknapsack_076.mps,1.01015
/Users/skandavyassrinivasan/Documents/Integral-Optimization-Branch-Learning-Research/data/instances/eval_mknapsack/mknapsack_077.mps,1.0101500000000003
/Users/skandavyassrinivasan/Documents/Integral-Optimization-Branch-Learning-Research/data/instances/eval_mknapsack/mknapsack_078.mps,1.0101499999999999
/Users/skandavyassrinivasan/Documents/Integral-Optimization-Branch-Learning-Research/data/instances/eval_mknapsack/mknapsack_079.mps,1.01015
/Users/skandavyassrinivasan/Documents/Integral-Optimization-Branch-Learning-Research/data/instances/eval_mknapsack/mknapsack_080.mps,1.01015
/Users/skandavyassrinivasan/Documents/Integral-Optimization-Branch-Learning-Research/data/instances/eval_mknapsack/mknapsack_081.mps,1.01015
/Users/skandavyassrinivasan/Documents/Integral-Optimization-Branch-Learning-Research/data/instances/eval_mknapsack/mknapsack_082.mps,1.01015
/Users/skandavyassrinivasan/Documents/Integral-Optimization-Branch-Learning-Research/data/instances/eval_mknapsack/mknapsack_083.mps,1.01015
/Users/skandavyassrinivasan/Documents/Integral-Optimization-Branch-Learning-Research/data/instances/eval_mknapsack/mknapsack_084.mps,1.0101499999999997
/Users/skandavyassrinivasan/Documents/Integral-Optimization-Branch-Learning-Research/data/instances/eval_mknapsack/mknapsack_085.mps,1.01015
/Users/skandavyassrinivasan/Documents/Integral-Optimization-Branch-Learning-Research/data/instances/eval_mknapsack/mknapsack_086.mps,1.01015
/Users/skandavyassrinivasan/Documents/Integral-Optimization-Branch-Learning-Research/data/instances/eval_mknapsack/mknapsack_087.mps,1.01015
/Users/skandavyassrinivasan/Documents/Integral-Optimization-Branch-Learning-Research/data/instances/eval_mknapsack/mknapsack_088.mps,1.01015
/Users/skandavyassrinivasan/Documents/Integral-Optimization-Branch-Learning-Research/data/instances/eval_mknapsack/mknapsack_089.mps,1.01015
/Users/skandavyassrinivasan/Documents/Integral-Optimization-Branch-Learning-Research/data/instances/eval_mknapsack/mknapsack_090.mps,1.01015
/Users/skandavyassrinivasan/Documents/Integral-Optimization-Branch-Learning-Research/data/instances/eval_mknapsack/mknapsack_091.mps,1.0101499999999999
/Users/skandavyassrinivasan/Documents/Integral-Optimization-Branch-Learning-Research/data/instances/eval_mknapsack/mknapsack_092.mps,1.01015
/Users/skandavyassrinivasan/Documents/Integral-Optimization-Branch-Learning-Research/data/instances/eval_mknapsack/mknapsack_093.mps,1.01015
/Users/skandavyassrinivasan/Documents/Integral-Optimization-Branch-Learning-Research/data/instances/eval_mknapsack/mknapsack_094.mps,1.0101499999999997
/Users/skandavyassrinivasan/Documents/Integral-Optimization-Branch-Learning-Research/data/instances/eval_mknapsack/mknapsack_095.mps,1.01015
/Users/skandavyassrinivasan/Documents/Integral-Optimization-Branch-Learning-Research/data/instances/eval_mknapsack/mknapsack_096.mps,1.01015
/Users/skandavyassrinivasan/Documents/Integral-Optimization-Branch-Learning-Research/data/instances/eval_mknapsack/mknapsack_097.mps,1.01015
/Users/skandavyassrinivasan/Documents/Integral-Optimization-Branch-Learning-Research/data/instances/eval_mknapsack/mknapsack_098.mps,1.01015
/Users/skandavyassrinivasan/Documents/Integral-Optimization-Branch-Learning-Research/data/instances/eval_mknapsack/mknapsack_099.mps,1.01015
/Users/skandavyassrinivasan/Documents/Integral-Optimization-Branch-Learning-Research/data/instances/eval_setcover/setcover_000.lp,0.006170000000000001
/Users/skandavyassrinivasan/Documents/Integral-Optimization-Branch-Learning-Research/data/instances/eval_setcover/setcover_001.lp,0.0029100000000000003
/Users/skandavyassrinivasan/Documents/Integral-Optimization-Branch-Learning-Research/data/instances/eval_setcover/setcover_002.lp,0.0029100000000000003
/Users/skandavyassrinivasan/Documents/Integral-Optimization-Branch-Learning-Research/data/instances/eval_setcover/setcover_003.lp,0.00423
/Users/skandavyassrinivasan/Documents/Integral-Optimization-Branch-Learning-Research/data/instances/eval_setcover/setcover_004.lp,0.00251
/Users/skandavyassrinivasan/Documents/Integral-Optimization-Branch-Learning-Research/data/instances/eval_setcover/setcover_005.lp,0.00521
/Users/skandavyassrinivasan/Documents/Integral-Optimization-Branch-Learning-Research/data/instances/eval_setcover/setcover_006.lp,0.0023699999999999997
/Users/skandavyassrinivasan/Documents/Integral-Optimization-Branch-Learning-Research/data/instances/eval_setcover/setcover_007.lp,0.00433
/Users/skandavyassrinivasan/Documents/Integral-Optimization-Branch-Learning-Research/data/instances/eval_setcover/setcover_008.lp,0.00505
/Users/skandavyassrinivasan/Documents/Integral-Optimization-Branch-Learning-Research/data/instances/eval_setcover/setcover_009.lp,0.0023699999999999997
/Users/skandavyassrinivasan/Documents/Integral-Optimization-Branch-Learning-Research/data/instances/eval_setcover/setcover_010.lp,0.00521
/Users/skandavyassrinivasan/Documents/Integral-Optimization-Branch-Learning-Research/data/instances/eval_setcover/setcover_011.lp,0.00423
/Users/skandavyassrinivasan/Documents/Integral-Optimization-Branch-Learning-Research/data/instances/eval_setcover/setcover_012.lp,0.007150000000000001
/Users/skandavyassrinivasan/Documents/Integral-Optimization-Branch-Learning-Research/data/instances/eval_setcover/setcover_013.lp,0.00251
/Users/skandavyassrinivasan/Documents/Integral-Optimization-Branch-Learning-Research/data/instances/eval_setcover/setcover_014.lp,0.00423
/Users/skandavyassrinivasan/Documents/Integral-Optimization-Branch-Learning-Research/data/instances/eval_setcover/setcover_015.lp,0.0034899999999999996
/Users/skandavyassrinivasan/Documents/Integral-Optimization-Branch-Learning-Research/data/instances/eval_setcover/setcover_016.lp,0.0023699999999999997
/Users/skandavyassrinivasan/Documents/Integral-Optimization-Branch-Learning-Research/data/instances/eval_setcover/setcover_017.lp,0.0029100000000000003
/Users/skandavyassrinivasan/Documents/Integral-Optimization-Branch-Learning-Research/data/instances/eval_setcover/setcover_018.lp,0.0023699999999999997
/Users/skandavyassrinivasan/Documents/Integral-Optimization-Branch-Learning-Research/data/instances/eval_setcover/setcover_019.lp,0.00251
/Users/skandavyassrinivasan/Documents/Integral-Optimization-Branch-Learning-Research/data/instances/eval_setcover/setcover_020.lp,0.00423
/Users/skandavyassrinivasan/Documents/Integral-Optimization-Branch-Learning-Research/data/instances/eval_setcover/setcover_021.lp,0.0029100000000000003
/Users/skandavyassrinivasan/Documents/Integral-Optimization-Branch-Learning-Research/data/instances/eval_setcover/setcover_022.lp,0.00251
/Users/skandavyassrinivasan/Documents/Integral-Optimization-Branch-Learning-Research/data/instances/eval_setcover/setcover_023.lp,0.00433
/Users/skandavyassrinivasan/Documents/Integral-Optimization-Branch-Learning-Research/data/instances/eval_setcover/setcover_024.lp,0.0023699999999999997
/Users/skandavyassrinivasan/Documents/Integral-Optimization-Branch-Learning-Research/data/instances/eval_setcover/setcover_025.lp,0.0035499999999999998
/Users/skandavyassrinivasan/Documents/Integral-Optimization-Branch-Learning-Research/data/instances/eval_setcover/setcover_026.lp,0.0023699999999999997
/Users/skandavyassrinivasan/Documents/Integral-Optimization-Branch-Learning-Research/data/instances/eval_setcover/setcover_027.lp,0.0035499999999999998
/Users/skandavyassrinivasan/Documents/Integral-Optimization-Branch-Learning-Research/data/instances/eval_setcover/setcover_028.lp,0.00251
/Users/skandavyassrinivasan/Documents/Integral-Optimization-Branch-Learning-Research/data/instances/eval_setcover/setcover_029.lp,0.0034899999999999996
/Users/skandavyassrinivasan/Documents/Integral-Optimization-Branch-Learning-Research/data/instances/eval_setcover/setcover_030.lp,0.0029100000000000003
/Users/skandavyassrinivasan/Documents/Integral-Optimization-Branch-Learning-Research/data/instances/eval_setcover/setcover_031.lp,0.00505
/Users/skandavyassrinivasan/Documents/Integral-Optimization-Branch-Learning-Research/data/instances/eval_setcover/setcover_032.lp,0.00251
/Users/skandavyassrinivasan/Documents/Integral-Optimization-Branch-Learning-Research/data/instances/eval_setcover/setcover_033.lp,0.00251
/Users/skandavyassrinivasan/Documents/Integral-Optimization-Branch-Learning-Research/data/instances/eval_setcover/setcover_034.lp,0.0029100000000000003
/Users/skandavyassrinivasan/Documents/Integral-Optimization-Branch-Learning-Research/data/instances/eval_setcover/setcover_035.lp,0.00251
/Users/skandavyassrinivasan/Documents/Integral-Optimization-Branch-Learning-Research/data/instances/eval_setcover/setcover_036.lp,0.0023699999999999997
/Users/skandavyassrinivasan/Documents/Integral-Optimization-Branch-Learning-Research/data/instances/eval_setcover/setcover_037.lp,0.0029100000000000003
/Users/skandavyassrinivasan/Documents/Integral-Optimization-Branch-Learning-Research/data/instances/eval_setcover/setcover_038.lp,0.0023699999999999997
/Users/skandavyassrinivasan/Documents/Integral-Optimization-Branch-Learning-Research/data/instances/eval_setcover/setcover_039.lp,0.0023699999999999997
/Users/skandavyassrinivasan/Documents/Integral-Optimization-Branch-Learning-Research/data/instances/eval_setcover/setcover_040.lp,0.0029100000000000003
/Users/skandavyassrinivasan/Documents/Integral-Optimization-Branch-Learning-Research/data/instances/eval_setcover/setcover_041.lp,0.0035499999999999998
/Users/skandavyassrinivasan/Documents/Integral-Optimization-Branch-Learning-Research/data/instances/eval_setcover/setcover_042.lp,0.0029100000000000003
/Users/skandavyassrinivasan/Documents/Integral-Optimization-Branch-Learning-Research/data/instances/eval_setcover/setcover_043.lp,0.00251
/Users/skandavyassrinivasan/Documents/Integral-Optimization-Branch-Learning-Research/data/instances/eval_setcover/setcover_044.lp,0.0029100000000000003
/Users/skandavyassrinivasan/Documents/Integral-Optimization-Branch-Learning-Research/data/instances/eval_setcover/setcover_045.lp,0.00885
/Users/skandavyassrinivasan/Documents/Integral-Optimization-Branch-Learning-Research/data/instances/eval_setcover/setcover_046.lp,0.0029100000000000003
/Users/skandavyassrinivasan/Documents/Integral-Optimization-Branch-Learning-Research/data/instances/eval_setcover/setcover_047.lp,0.0029100000000000003
/Users/skandavyassrinivasan/Documents/Integral-Optimization-Branch-Learning-Research/data/instances/eval_setcover/setcover_048.lp,0.0029100000000000003
/Users/skandavyassrinivasan/Documents/Integral-Optimization-Branch-Learning-Research/data/instances/eval_setcover/setcover_049.lp,0.00251
/Users/skandavyassrinivasan/Documents/Integral-Optimization-Branch-Learning-Research/data/instances/eval_setcover/setcover_050.lp,0.006170000000000001
/Users/skandavyassrinivasan/Documents/Integral-Optimization-Branch-Learning-Research/data/instances/eval_setcover/setcover_051.lp,0.0029100000000000003
/Users/skandavyassrinivasan/Documents/Integral-Optimization-Branch-Learning-Research/data/instances/eval_setcover/setcover_052.lp,0.0029100000000000003
/Users/skandavyassrinivasan/Documents/Integral-Optimization-Branch-Learning-Research/data/instances/eval_setcover/setcover_053.lp,0.00423
/Users/skandavyassrinivasan/Documents/Integral-Optimization-Branch-Learning-Research/data/instances/eval_setcover/setcover_054.lp,0.00251
/Users/skandavyassrinivasan/Documents/Integral-Optimization-Branch-Learning-Research/data/instances/eval_setcover/setcover_055.lp,0.00521
/Users/skandavyassrinivasan/Documents/Integral-Optimization-Branch-Learning-Research/data/instances/eval_setcover/setcover_056.lp,0.0023699999999999997
/Users/skandavyassrinivasan/Documents/Integral-Optimization-Branch-Learning-Research/data/instances/eval_setcover/setcover_057.lp,0.00433
/Users/skandavyassrinivasan/Documents/Integral-Optimization-Branch-Learning-Research/data/instances/eval_setcover/setcover_058.lp,0.00505
/Users/skandavyassrinivasan/Documents/Integral-Optimization-Branch-Learning-Research/data/instances/eval_setcover/setcover_059.lp,0.0023699999999999997
/Users/skandavyassrinivasan/Documents/Integral-Optimization-Branch-Learning-Research/data/instances/eval_setcover/setcover_060.lp,0.00521
/Users/skandavyassrinivasan/Documents/Integral-Optimization-Branch-Learning-Research/data/instances/eval_setcover/setcover_061.lp,0.00423
/Users/skandavyassrinivasan/Documents/Integral-Optimization-Branch-Learning-Research/data/instances/eval_setcover/setcover_062.lp,0.007150000000000001
/Users/skandavyassrinivasan/Documents/Integral-Optimization-Branch-Learning-Research/data/instances/eval_setcover/setcover_063.lp,0.00251
/Users/skandavyassrinivasan/Documents/Integral-Optimization-Branch-Learning-Research/data/instances/eval_setcover/setcover_064.lp,0.00423
/Users/skandavyassrinivasan/Documents/Integral-Optimization-Branch-Learning-Research/data/instances/eval_setcover/setcover_065.lp,0.0034899999999999996
/Users/skandavyassrinivasan/Documents/Integral-Optimization-Branch-Learning-Research/data/instances/eval_setcover/setcover_066.lp,0.0023699999999999997
/Users/skandavyassrinivasan/Documents/Integral-Optimization-Branch-Learning-Research/data/instances/eval_setcover/setcover_067.lp,0.0029100000000000003
/Users/skandavyassrinivasan/Documents/Integral-Optimization-Branch-Learning-Research/data/instances/eval_setcover/setcover_068.lp,0.0023699999999999997
/Users/skandavyassrinivasan/Documents/Integral-Optimization-Branch-Learning-Research/data/instances/eval_setcover/setcover_069.lp,0.00251
/Users/skandavyassrinivasan/Documents/Integral-Optimization-Branch-Learning-Research/data/instances/eval_setcover/setcover_070.lp,0.00423
/Users/skandavyassrinivasan/Documents/Integral-Optimization-Branch-Learning-Research/data/instances/eval_setcover/setcover_071.lp,0.0029100000000000003
/Users/skandavyassrinivasan/Documents/Integral-Optimization-Branch-Learning-Research/data/instances/eval_setcover/setcover_072.lp,0.00251
/Users/skandavyassrinivasan/Documents/Integral-Optimization-Branch-Learning-Research/data/instances/eval_setcover/setcover_073.lp,0.00433
/Users/skandavyassrinivasan/Documents/Integral-Optimization-Branch-Learning-Research/data/instances/eval_setcover/setcover_074.lp,0.0023699999999999997
/Users/skandavyassrinivasan/Documents/Integral-Optimization-Branch-Learning-Research/data/instances/eval_setcover/setcover_075.lp,0.0035499999999999998
/Users/skandavyassrinivasan/Documents/Integral-Optimization-Branch-Learning-Research/data/instances/eval_setcover/setcover_076.lp,0.0023699999999999997
/Users/skandavyassrinivasan/Documents/Integral-Optimization-Branch-Learning-Research/data/instances/eval_setcover/setcover_077.lp,0.0035499999999999998
/Users/skandavyassrinivasan/Documents/Integral-Optimization-Branch-Learning-Research/data/instances/eval_setcover/setcover_078.lp,0.00251
/Users/skandavyassrinivasan/Documents/Integral-Optimization-Branch-Learning-Research/data/instances/eval_setcover/setcover_079.lp,0.0034899999999999996
/Users/skandavyassrinivasan/Documents/Integral-Optimization-Branch-Learning-Research/data/instances/eval_setcover/setcover_080.lp,0.0029100000000000003
/Users/skandavyassrinivasan/Documents/Integral-Optimization-Branch-Learning-Research/data/instances/eval_setcover/setcover_081.lp,0.00505
/Users/skandavyassrinivasan/Documents/Integral-Optimization-Branch-Learning-Research/data/instances/eval_setcover/setcover_082.lp,0.00251
/Users/skandavyassrinivasan/Documents/Integral-Optimization-Branch-Learning-Research/data/instances/eval_setcover/setcover_083.lp,0.00251
/Users/skandavyassrinivasan/Documents/Integral-Optimization-Branch-Learning-Research/data/instances/eval_setcover/setcover_084.lp,0.0029100000000000003
/Users/skandavyassrinivasan/Documents/Integral-Optimization-Branch-Learning-Research/data/instances/eval_setcover/setcover_085.lp,0.00251
/Users/skandavyassrinivasan/Documents/Integral-Optimization-Branch-Learning-Research/data/instances/eval_setcover/setcover_086.lp,0.0023699999999999997
/Users/skandavyassrinivasan/Documents/Integral-Optimization-Branch-Learning-Research/data/instances/eval_setcover/setcover_087.lp,0.0029100000000000003
/Users/skandavyassrinivasan/Documents/Integral-Optimization-Branch-Learning-Research/data/instances/eval_setcover/setcover_088.lp,0.0023699999999999997
/Users/skandavyassrinivasan/Documents/Integral-Optimization-Branch-Learning-Research/data/instances/eval_setcover/setcover_089.lp,0.0023699999999999997
/Users/skandavyassrinivasan/Documents/Integral-Optimization-Branch-Learning-Research/data/instances/eval_setcover/setcover_090.lp,0.0029100000000000003
/Users/skandavyassrinivasan/Documents/Integral-Optimization-Branch-Learning-Research/data/instances/eval_setcover/setcover_091.lp,0.0035499999999999998
/Users/skandavyassrinivasan/Documents/Integral-Optimization-Branch-Learning-Research/data/instances/eval_setcover/setcover_092.lp,0.0029100000000000003
/Users/skandavyassrinivasan/Documents/Integral-Optimization-Branch-Learning-Research/data/instances/eval_setcover/setcover_093.lp,0.00251
/Users/skandavyassrinivasan/Documents/Integral-Optimization-Branch-Learning-Research/data/instances/eval_setcover/setcover_094.lp,0.0029100000000000003
/Users/skandavyassrinivasan/Documents/Integral-Optimization-Branch-Learning-Research/data/instances/eval_setcover/setcover_095.lp,0.00885
/Users/skandavyassrinivasan/Documents/Integral-Optimization-Branch-Learning-Research/data/instances/eval_setcover/setcover_096.lp,0.0029100000000000003
/Users/skandavyassrinivasan/Documents/Integral-Optimization-Branch-Learning-Research/data/instances/eval_setcover/setcover_097.lp,0.0029100000000000003
/Users/skandavyassrinivasan/Documents/Integral-Optimization-Branch-Learning-Research/data/instances/eval_setcover/setcover_098.lp,0.0029100000000000003
/Users/skandavyassrinivasan/Documents/Integral-Optimization-Branch-Learning-Research/data/instances/eval_setcover/setcover_099.lp,0.00251
